-- MySQL dump 10.13  Distrib 5.7.17, for Win64 (x86_64)
--
-- Host: 127.0.0.1    Database: packages
-- ------------------------------------------------------
-- Server version	5.5.5-10.1.9-MariaDB

/*!40101 SET @OLD_CHARACTER_SET_CLIENT=@@CHARACTER_SET_CLIENT */;
/*!40101 SET @OLD_CHARACTER_SET_RESULTS=@@CHARACTER_SET_RESULTS */;
/*!40101 SET @OLD_COLLATION_CONNECTION=@@COLLATION_CONNECTION */;
/*!40101 SET NAMES utf8 */;
/*!40103 SET @OLD_TIME_ZONE=@@TIME_ZONE */;
/*!40103 SET TIME_ZONE='+00:00' */;
/*!40014 SET @OLD_UNIQUE_CHECKS=@@UNIQUE_CHECKS, UNIQUE_CHECKS=0 */;
/*!40014 SET @OLD_FOREIGN_KEY_CHECKS=@@FOREIGN_KEY_CHECKS, FOREIGN_KEY_CHECKS=0 */;
/*!40101 SET @OLD_SQL_MODE=@@SQL_MODE, SQL_MODE='NO_AUTO_VALUE_ON_ZERO' */;
/*!40111 SET @OLD_SQL_NOTES=@@SQL_NOTES, SQL_NOTES=0 */;

--
-- Table structure for table `booking`
--

DROP TABLE IF EXISTS `booking`;
/*!40101 SET @saved_cs_client     = @@character_set_client */;
/*!40101 SET character_set_client = utf8 */;
CREATE TABLE `booking` (
  `id` int(10) unsigned NOT NULL AUTO_INCREMENT,
  `customer_name` varchar(191) COLLATE utf8mb4_unicode_ci DEFAULT NULL,
  `created_at` timestamp NULL DEFAULT NULL,
  `updated_at` timestamp NULL DEFAULT NULL,
  `deleted_at` timestamp NULL DEFAULT NULL,
  PRIMARY KEY (`id`)
) ENGINE=MyISAM AUTO_INCREMENT=2 DEFAULT CHARSET=utf8mb4 COLLATE=utf8mb4_unicode_ci;
/*!40101 SET character_set_client = @saved_cs_client */;

--
-- Dumping data for table `booking`
--

LOCK TABLES `booking` WRITE;
/*!40000 ALTER TABLE `booking` DISABLE KEYS */;
INSERT INTO `booking` VALUES (1,'11111111111111','2017-05-07 03:50:27','2017-05-07 03:50:27',NULL);
/*!40000 ALTER TABLE `booking` ENABLE KEYS */;
UNLOCK TABLES;

--
-- Table structure for table `checkin`
--

DROP TABLE IF EXISTS `checkin`;
/*!40101 SET @saved_cs_client     = @@character_set_client */;
/*!40101 SET character_set_client = utf8 */;
CREATE TABLE `checkin` (
  `id` int(10) unsigned NOT NULL AUTO_INCREMENT,
  `customer_id` varchar(191) COLLATE utf8mb4_unicode_ci DEFAULT NULL,
  `room_type_id` varchar(191) COLLATE utf8mb4_unicode_ci NOT NULL,
  `customer_name` varchar(191) COLLATE utf8mb4_unicode_ci DEFAULT NULL,
  `customer_phone` varchar(191) COLLATE utf8mb4_unicode_ci DEFAULT NULL,
  `check_in_date` date DEFAULT NULL,
  `keep_datetime` datetime DEFAULT NULL,
  `status` varchar(191) COLLATE utf8mb4_unicode_ci DEFAULT NULL,
  `created_at` timestamp NULL DEFAULT NULL,
  `updated_at` timestamp NULL DEFAULT NULL,
  `deleted_at` timestamp NULL DEFAULT NULL,
  PRIMARY KEY (`id`)
) ENGINE=MyISAM DEFAULT CHARSET=utf8mb4 COLLATE=utf8mb4_unicode_ci;
/*!40101 SET character_set_client = @saved_cs_client */;

--
-- Dumping data for table `checkin`
--

LOCK TABLES `checkin` WRITE;
/*!40000 ALTER TABLE `checkin` DISABLE KEYS */;
/*!40000 ALTER TABLE `checkin` ENABLE KEYS */;
UNLOCK TABLES;

--
-- Table structure for table `menu_role`
--

DROP TABLE IF EXISTS `menu_role`;
/*!40101 SET @saved_cs_client     = @@character_set_client */;
/*!40101 SET character_set_client = utf8 */;
CREATE TABLE `menu_role` (
  `menu_id` int(10) unsigned NOT NULL,
  `role_id` int(10) unsigned NOT NULL,
  UNIQUE KEY `menu_role_menu_id_role_id_unique` (`menu_id`,`role_id`),
  KEY `menu_role_menu_id_index` (`menu_id`),
  KEY `menu_role_role_id_index` (`role_id`)
) ENGINE=MyISAM DEFAULT CHARSET=utf8mb4 COLLATE=utf8mb4_unicode_ci;
/*!40101 SET character_set_client = @saved_cs_client */;

--
-- Dumping data for table `menu_role`
--

LOCK TABLES `menu_role` WRITE;
/*!40000 ALTER TABLE `menu_role` DISABLE KEYS */;
INSERT INTO `menu_role` VALUES (3,1),(3,2),(4,1),(4,2),(5,1),(5,2),(6,1),(6,2),(7,1),(7,2),(8,1),(8,2);
/*!40000 ALTER TABLE `menu_role` ENABLE KEYS */;
UNLOCK TABLES;

--
-- Table structure for table `menus`
--

DROP TABLE IF EXISTS `menus`;
/*!40101 SET @saved_cs_client     = @@character_set_client */;
/*!40101 SET character_set_client = utf8 */;
CREATE TABLE `menus` (
  `id` int(10) unsigned NOT NULL AUTO_INCREMENT,
  `position` int(11) DEFAULT NULL,
  `menu_type` int(11) NOT NULL DEFAULT '1',
  `icon` varchar(191) COLLATE utf8mb4_unicode_ci DEFAULT NULL,
  `name` varchar(191) COLLATE utf8mb4_unicode_ci NOT NULL,
  `title` varchar(191) COLLATE utf8mb4_unicode_ci NOT NULL,
  `parent_id` int(11) DEFAULT NULL,
  `created_at` timestamp NULL DEFAULT NULL,
  `updated_at` timestamp NULL DEFAULT NULL,
  PRIMARY KEY (`id`),
  UNIQUE KEY `menus_name_unique` (`name`)
) ENGINE=MyISAM AUTO_INCREMENT=9 DEFAULT CHARSET=utf8mb4 COLLATE=utf8mb4_unicode_ci;
/*!40101 SET character_set_client = @saved_cs_client */;

--
-- Dumping data for table `menus`
--

LOCK TABLES `menus` WRITE;
/*!40000 ALTER TABLE `menus` DISABLE KEYS */;
INSERT INTO `menus` VALUES (1,NULL,0,NULL,'User','User',NULL,NULL,NULL),(2,NULL,0,NULL,'Role','Role',NULL,NULL,NULL),(3,0,2,'fa-database','客房信息管理','客房信息管理',NULL,'2017-05-07 03:42:52','2017-05-07 03:42:52'),(4,0,2,'fa-database','入住信息管理','入住信息管理',NULL,'2017-05-07 03:45:51','2017-05-07 03:45:51'),(5,0,3,'fa-database','Hotel','宾馆信息',3,'2017-05-07 03:46:50','2017-05-07 03:46:50'),(6,0,3,'fa-database','RoomType','客房类型',3,'2017-05-07 03:47:13','2017-05-07 03:47:13'),(7,0,1,'fa-database','Booking','客房预订',4,'2017-05-07 03:50:14','2017-05-07 03:50:14'),(8,0,1,'fa-database','CheckIn','入住',4,'2017-05-07 04:19:45','2017-05-07 04:19:45');
/*!40000 ALTER TABLE `menus` ENABLE KEYS */;
UNLOCK TABLES;

--
-- Table structure for table `migrations`
--

DROP TABLE IF EXISTS `migrations`;
/*!40101 SET @saved_cs_client     = @@character_set_client */;
/*!40101 SET character_set_client = utf8 */;
CREATE TABLE `migrations` (
  `id` int(10) unsigned NOT NULL AUTO_INCREMENT,
  `migration` varchar(191) COLLATE utf8mb4_unicode_ci NOT NULL,
  `batch` int(11) NOT NULL,
  PRIMARY KEY (`id`)
) ENGINE=MyISAM AUTO_INCREMENT=10 DEFAULT CHARSET=utf8mb4 COLLATE=utf8mb4_unicode_ci;
/*!40101 SET character_set_client = @saved_cs_client */;

--
-- Dumping data for table `migrations`
--

LOCK TABLES `migrations` WRITE;
/*!40000 ALTER TABLE `migrations` DISABLE KEYS */;
INSERT INTO `migrations` VALUES (1,'2014_10_12_000000_create_users_table',1),(2,'2014_10_12_100000_create_password_resets_table',1),(3,'2015_10_10_000000_create_menus_table',1),(4,'2015_10_10_000000_create_roles_table',1),(5,'2015_10_10_000000_update_users_table',1),(6,'2015_12_11_000000_create_users_logs_table',1),(7,'2016_03_14_000000_update_menus_table',1),(8,'2017_05_07_115014_create_booking_table',2),(9,'2017_05_07_121945_create_checkin_table',3);
/*!40000 ALTER TABLE `migrations` ENABLE KEYS */;
UNLOCK TABLES;

--
-- Table structure for table `password_resets`
--

DROP TABLE IF EXISTS `password_resets`;
/*!40101 SET @saved_cs_client     = @@character_set_client */;
/*!40101 SET character_set_client = utf8 */;
CREATE TABLE `password_resets` (
  `email` varchar(191) COLLATE utf8mb4_unicode_ci NOT NULL,
  `token` varchar(191) COLLATE utf8mb4_unicode_ci NOT NULL,
  `created_at` timestamp NULL DEFAULT NULL,
  KEY `password_resets_email_index` (`email`)
) ENGINE=MyISAM DEFAULT CHARSET=utf8mb4 COLLATE=utf8mb4_unicode_ci;
/*!40101 SET character_set_client = @saved_cs_client */;

--
-- Dumping data for table `password_resets`
--

LOCK TABLES `password_resets` WRITE;
/*!40000 ALTER TABLE `password_resets` DISABLE KEYS */;
/*!40000 ALTER TABLE `password_resets` ENABLE KEYS */;
UNLOCK TABLES;

--
-- Table structure for table `roles`
--

DROP TABLE IF EXISTS `roles`;
/*!40101 SET @saved_cs_client     = @@character_set_client */;
/*!40101 SET character_set_client = utf8 */;
CREATE TABLE `roles` (
  `id` int(10) unsigned NOT NULL AUTO_INCREMENT,
  `title` varchar(191) COLLATE utf8mb4_unicode_ci NOT NULL,
  `created_at` timestamp NULL DEFAULT NULL,
  `updated_at` timestamp NULL DEFAULT NULL,
  PRIMARY KEY (`id`)
) ENGINE=MyISAM AUTO_INCREMENT=5 DEFAULT CHARSET=utf8mb4 COLLATE=utf8mb4_unicode_ci;
/*!40101 SET character_set_client = @saved_cs_client */;

--
-- Dumping data for table `roles`
--

LOCK TABLES `roles` WRITE;
/*!40000 ALTER TABLE `roles` DISABLE KEYS */;
INSERT INTO `roles` VALUES (1,'系统管理员','2017-05-07 03:40:28','2017-05-07 05:24:32'),(3,'前台接待员','2017-05-07 05:24:09','2017-05-07 05:24:09'),(4,'宾馆负责人','2017-05-07 05:24:23','2017-05-07 05:24:23');
/*!40000 ALTER TABLE `roles` ENABLE KEYS */;
UNLOCK TABLES;

--
-- Table structure for table `users`
--

DROP TABLE IF EXISTS `users`;
/*!40101 SET @saved_cs_client     = @@character_set_client */;
/*!40101 SET character_set_client = utf8 */;
CREATE TABLE `users` (
  `id` int(10) unsigned NOT NULL AUTO_INCREMENT,
  `role_id` int(11) DEFAULT NULL,
  `name` varchar(191) COLLATE utf8mb4_unicode_ci NOT NULL,
  `email` varchar(191) COLLATE utf8mb4_unicode_ci NOT NULL,
  `password` varchar(191) COLLATE utf8mb4_unicode_ci NOT NULL,
  `remember_token` varchar(100) COLLATE utf8mb4_unicode_ci DEFAULT NULL,
  `created_at` timestamp NULL DEFAULT NULL,
  `updated_at` timestamp NULL DEFAULT NULL,
  PRIMARY KEY (`id`),
  UNIQUE KEY `users_email_unique` (`email`)
) ENGINE=MyISAM AUTO_INCREMENT=2 DEFAULT CHARSET=utf8mb4 COLLATE=utf8mb4_unicode_ci;
/*!40101 SET character_set_client = @saved_cs_client */;

--
-- Dumping data for table `users`
--

LOCK TABLES `users` WRITE;
/*!40000 ALTER TABLE `users` DISABLE KEYS */;
INSERT INTO `users` VALUES (1,1,'admin','admin@qq.com','$2y$10$WRffQ56xpObdSRFuSFbvFOqIQBjzz6BfzgIGrgDsU95rtl7SDIGAC','aoSLY1RDGK3B4AaiSnP7R7IDIMM0BwRsU2zzOUCG4R0QiABAyAvhAZFhZ73L','2017-05-07 03:41:01','2017-05-07 03:41:01');
/*!40000 ALTER TABLE `users` ENABLE KEYS */;
UNLOCK TABLES;

--
-- Table structure for table `users_logs`
--

DROP TABLE IF EXISTS `users_logs`;
/*!40101 SET @saved_cs_client     = @@character_set_client */;
/*!40101 SET character_set_client = utf8 */;
CREATE TABLE `users_logs` (
  `id` int(10) unsigned NOT NULL AUTO_INCREMENT,
  `user_id` int(11) NOT NULL,
  `action` varchar(191) COLLATE utf8mb4_unicode_ci NOT NULL,
  `action_model` varchar(191) COLLATE utf8mb4_unicode_ci DEFAULT NULL,
  `action_id` int(11) DEFAULT NULL,
  `created_at` timestamp NULL DEFAULT NULL,
  `updated_at` timestamp NULL DEFAULT NULL,
  PRIMARY KEY (`id`)
) ENGINE=MyISAM AUTO_INCREMENT=4 DEFAULT CHARSET=utf8mb4 COLLATE=utf8mb4_unicode_ci;
/*!40101 SET character_set_client = @saved_cs_client */;

--
-- Dumping data for table `users_logs`
--

LOCK TABLES `users_logs` WRITE;
/*!40000 ALTER TABLE `users_logs` DISABLE KEYS */;
INSERT INTO `users_logs` VALUES (1,1,'created','booking',1,'2017-05-07 03:50:27','2017-05-07 03:50:27'),(2,1,'updated','users',1,'2017-05-07 05:37:42','2017-05-07 05:37:42'),(3,1,'updated','users',1,'2017-05-07 05:39:03','2017-05-07 05:39:03');
/*!40000 ALTER TABLE `users_logs` ENABLE KEYS */;
UNLOCK TABLES;
/*!40103 SET TIME_ZONE=@OLD_TIME_ZONE */;

/*!40101 SET SQL_MODE=@OLD_SQL_MODE */;
/*!40014 SET FOREIGN_KEY_CHECKS=@OLD_FOREIGN_KEY_CHECKS */;
/*!40014 SET UNIQUE_CHECKS=@OLD_UNIQUE_CHECKS */;
/*!40101 SET CHARACTER_SET_CLIENT=@OLD_CHARACTER_SET_CLIENT */;
/*!40101 SET CHARACTER_SET_RESULTS=@OLD_CHARACTER_SET_RESULTS */;
/*!40101 SET COLLATION_CONNECTION=@OLD_COLLATION_CONNECTION */;
/*!40111 SET SQL_NOTES=@OLD_SQL_NOTES */;

-- Dump completed on 2017-05-08  7:25:07
